Faculté;Semestre;Crédits;Nom;Professeur;Lien
FTSR;Annuel;6.00;Araméen I;Jürg Hutzli;https://applicationspub.unil.ch/interpub/noauth/php/Ud/ficheCours.php?v_enstyid=95431&v_ueid=253&v_etapeid1=33033&v_langue=fr&v_isinterne=
FTSR;Annuel;7.00;Grec postclassique I;Anne Boiché;https://applicationspub.unil.ch/interpub/noauth/php/Ud/ficheCours.php?v_enstyid=92466&v_ueid=253&v_etapeid1=33033&v_langue=fr&v_isinterne=
FTSR;Annuel;6.00;Grec postclassique II;Anne Boiché;https://applicationspub.unil.ch/interpub/noauth/php/Ud/ficheCours.php?v_enstyid=92489&v_ueid=253&v_etapeid1=33033&v_langue=fr&v_isinterne=
FTSR;Annuel;8.00;Hébreu I;Alain Buehlmann;https://applicationspub.unil.ch/interpub/noauth/php/Ud/ficheCours.php?v_enstyid=95447&v_ueid=253&v_etapeid1=33033&v_langue=fr&v_isinterne=
FTSR;Annuel;7.00;Hébreu II;Alain Buehlmann;https://applicationspub.unil.ch/interpub/noauth/php/Ud/ficheCours.php?v_enstyid=92488&v_ueid=253&v_etapeid1=33033&v_langue=fr&v_isinterne=
FTSR;Annuel;6.00;Hébreu moderne II;Avia Solomon;https://applicationspub.unil.ch/interpub/noauth/php/Ud/ficheCours.php?v_enstyid=96024&v_ueid=253&v_etapeid1=33033&v_langue=fr&v_isinterne=
FTSR;Annuel;6.00;Initiation à la langue arabe moderne (niveau I);Hala Abdel Meguid, Wissam Halawi;https://applicationspub.unil.ch/interpub/noauth/php/Ud/ficheCours.php?v_enstyid=96018&v_ueid=253&v_etapeid1=33033&v_langue=fr&v_isinterne=
FTSR;Annuel;6.00;Initiation à la langue arabe moderne (niveau II & III);Hala Abdel Meguid, Wissam Halawi;https://applicationspub.unil.ch/interpub/noauth/php/Ud/ficheCours.php?v_enstyid=96023&v_ueid=253&v_etapeid1=33033&v_langue=fr&v_isinterne=
FTSR;Automne;3.00;Jean et le johannisme : origines et devenir d'un milieu chrétien ancien;Simon Butticaz;https://applicationspub.unil.ch/interpub/noauth/php/Ud/ficheCours.php?v_enstyid=95504&v_ueid=253&v_etapeid1=33033&v_langue=fr&v_isinterne=
FTSR;Automne;3.00;La méthode historico-critique dans l’exégèse du Nouveau Testament : une introduction;Simon Butticaz;https://applicationspub.unil.ch/interpub/noauth/php/Ud/ficheCours.php?v_enstyid=95508&v_ueid=253&v_etapeid1=33033&v_langue=fr&v_isinterne=
FTSR;Automne;3.00;Le livre d’Ésaïe;Ruth Ebach;https://applicationspub.unil.ch/interpub/noauth/php/Ud/ficheCours.php?v_enstyid=95493&v_ueid=253&v_etapeid1=33033&v_langue=fr&v_isinterne=
FTSR;Automne;3.00;Méthodologie exégétique en Ancien Testament/Bible hébraïque;Ruth Ebach;https://applicationspub.unil.ch/interpub/noauth/php/Ud/ficheCours.php?v_enstyid=95492&v_ueid=253&v_etapeid1=33033&v_langue=fr&v_isinterne=
FTSR;Annuel;6.00;Syriaque II;Sergey Kim;https://applicationspub.unil.ch/interpub/noauth/php/Ud/ficheCours.php?v_enstyid=95965&v_ueid=253&v_etapeid1=33033&v_langue=fr&v_isinterne=
FTSR;Printemps;2.00;Atelier de grec ou les plaisirs variés de la lecture;Anne Boiché;https://applicationspub.unil.ch/interpub/noauth/php/Ud/ficheCours.php?v_enstyid=92490&v_ueid=253&v_etapeid1=33033&v_langue=fr&v_isinterne=
FTSR;Printemps;3.00;Prélude à la royauté : le livre des Juges;Stephen Germany;https://applicationspub.unil.ch/interpub/noauth/php/Ud/ficheCours.php?v_enstyid=95503&v_ueid=253&v_etapeid1=33033&v_langue=fr&v_isinterne=
FTSR;Printemps;3.00;Un ministère aux origines : l’apostolat dans le Nouveau Testament;Simon Butticaz;https://applicationspub.unil.ch/interpub/noauth/php/Ud/ficheCours.php?v_enstyid=95513&v_ueid=253&v_etapeid1=33033&v_langue=fr&v_isinterne=
FTSR;Annuel;5.00;Connaissances générales des religions : Ateliers méthodologiques;Virgile Delmas;https://applicationspub.unil.ch/interpub/noauth/php/Ud/ficheCours.php?v_enstyid=92341&v_ueid=253&v_etapeid1=29963&v_langue=fr&v_isinterne=
FTSR;Automne;2.50;Diversité religieuse, pluralisme et reconnaissance;Irene Becci;https://applicationspub.unil.ch/interpub/noauth/php/Ud/ficheCours.php?v_enstyid=95116&v_ueid=253&v_etapeid1=29963&v_langue=fr&v_isinterne=
FTSR;Automne;3.00;Introduction à la religion de l'Egypte ancienne;Giuseppina Lenzo;https://applicationspub.unil.ch/interpub/noauth/php/Ud/ficheCours.php?v_enstyid=95396&v_ueid=253&v_etapeid1=29963&v_langue=fr&v_isinterne=
LETTRES;Automne;2.50;Introduction à l'histoire du bouddhisme indien;Ingo Strauch;https://applicationspub.unil.ch/interpub/noauth/php/Ud/ficheCours.php?v_enstyid=81941&v_ueid=253&v_etapeid1=29963&v_langue=fr&v_isinterne=
FTSR;Automne;2.50;"Introduction à l'histoire et sciences des religions : l'archéologie des sciences des religions ; introduction historique";Christian Grosse;https://applicationspub.unil.ch/interpub/noauth/php/Ud/ficheCours.php?v_enstyid=95109&v_ueid=253&v_etapeid1=29963&v_langue=fr&v_isinterne=
FTSR;Annuel;2.50;Introduction à l’Islam I : des origines à 1517. Histoire, religion et civilisation arabo-musulmane;Wissam Halawi;https://applicationspub.unil.ch/interpub/noauth/php/Ud/ficheCours.php?v_enstyid=96025&v_ueid=253&v_etapeid1=29963&v_langue=fr&v_isinterne=
FTSR;Automne;2.50;Introduction au judaïsme : histoire, religion, culture. Des origines à 1492.;David Hamidovic, Jacques Ehrenfreund;https://applicationspub.unil.ch/interpub/noauth/php/Ud/ficheCours.php?v_enstyid=92347&v_ueid=253&v_etapeid1=29963&v_langue=fr&v_isinterne=
FTSR;Automne;3.00;Introduction aux religions de la Scandinavie médiévale;Nicolas Meylan;https://applicationspub.unil.ch/interpub/noauth/php/Ud/ficheCours.php?v_enstyid=95086&v_ueid=253&v_etapeid1=29963&v_langue=fr&v_isinterne=
FTSR;Annuel;2.50;Le christianisme, son histoire et ses problèmes I. De l’Antiquité au XVIe siècle;Frédéric Amsler;https://applicationspub.unil.ch/interpub/noauth/php/Ud/ficheCours.php?v_enstyid=92455&v_ueid=253&v_etapeid1=29963&v_langue=fr&v_isinterne=
LETTRES;Printemps;3.00;Introduction à la religion grecque;Matteo Capponi;https://applicationspub.unil.ch/interpub/noauth/php/Ud/ficheCours.php?v_enstyid=96687&v_ueid=253&v_etapeid1=29963&v_langue=fr&v_isinterne=
LETTRES;Printemps;2.00;Introduction à la religion romaine : Les religions de Rome entre la fin de la République et le début de l'époque impériale;Alessandra Rolle;https://applicationspub.unil.ch/interpub/noauth/php/Ud/ficheCours.php?v_enstyid=96684&v_ueid=253&v_etapeid1=29963&v_langue=fr&v_isinterne=
FTSR;Annuel;2.50;Introduction à l'histoire et science des religions 2 : approches et notions clés de l'étude des religions;Raphaël Rousseleau;https://applicationspub.unil.ch/interpub/noauth/php/Ud/ficheCours.php?v_enstyid=87222&v_ueid=253&v_etapeid1=29963&v_langue=fr&v_isinterne=
LETTRES;Printemps;2.50;Introduction à l'islam en Inde;Blain Auer;https://applicationspub.unil.ch/interpub/noauth/php/Ud/ficheCours.php?v_enstyid=88240&v_ueid=253&v_etapeid1=29963&v_langue=fr&v_isinterne=
FTSR;Annuel;2.50;Introduction à l’Islam II : des Empires musulmans aux États-Nations. Histoire, religion et sectarisme;Wissam Halawi;https://applicationspub.unil.ch/interpub/noauth/php/Ud/ficheCours.php?v_enstyid=96026&v_ueid=253&v_etapeid1=29963&v_langue=fr&v_isinterne=
FTSR;Printemps;2.50;Introduction au judaïsme : histoire, religion, culture.  De l'expulsion d'Espagne à nos jours;Jacques Ehrenfreund;https://applicationspub.unil.ch/interpub/noauth/php/Ud/ficheCours.php?v_enstyid=92348&v_ueid=253&v_etapeid1=29963&v_langue=fr&v_isinterne=
FTSR;Printemps;2.50;Le christianisme, son histoire et ses problèmes II. De la Renaissance à l'époque contemporaine;Christian Grosse;https://applicationspub.unil.ch/interpub/noauth/php/Ud/ficheCours.php?v_enstyid=95108&v_ueid=253&v_etapeid1=29963&v_langue=fr&v_isinterne=
FTSR;Printemps;2.50;Pluralité religieuse en contexte urbain;Irene Becci, Paola Juan;https://applicationspub.unil.ch/interpub/noauth/php/Ud/ficheCours.php?v_enstyid=95115&v_ueid=253&v_etapeid1=29963&v_langue=fr&v_isinterne=
LETTRES;Automne;2.00;Analyse de texte 1 : Minucius Felix, Octavius;Eric Chevalley;https://applicationspub.unil.ch/interpub/noauth/php/Ud/ficheCours.php?v_enstyid=96675&v_ueid=253&v_etapeid1=29964&v_langue=fr&v_isinterne=
LETTRES;Automne;2.00;Approfondissement des compétences linguistiques et textuelles : latin et histoire antique A - A;Olivier Thévenaz;https://applicationspub.unil.ch/interpub/noauth/php/Ud/ficheCours.php?v_enstyid=68433&v_ueid=253&v_etapeid1=29964&v_langue=fr&v_isinterne=
LETTRES;Automne;2.00;Approfondissement des compétences linguistiques et textuelles : latin et histoire médiévale et moderne A - A;Eric Chevalley;https://applicationspub.unil.ch/interpub/noauth/php/Ud/ficheCours.php?v_enstyid=61204&v_ueid=253&v_etapeid1=29964&v_langue=fr&v_isinterne=
LETTRES;Automne;2.00;Approfondissement des compétences linguistiques et textuelles : latin et littérature A - A;Alessandra Rolle;https://applicationspub.unil.ch/interpub/noauth/php/Ud/ficheCours.php?v_enstyid=96666&v_ueid=253&v_etapeid1=29964&v_langue=fr&v_isinterne=
LETTRES;Automne;2.00;Approfondissement des compétences linguistiques et textuelles : latin et traduction A - COURS BLOC - CB;Brigitte Maire;https://applicationspub.unil.ch/interpub/noauth/php/Ud/ficheCours.php?v_enstyid=92006&v_ueid=253&v_etapeid1=29964&v_langue=fr&v_isinterne=
LETTRES;Annuel;3.00;Approfondissement des connaissances textuelles et linguistiques en grec ancien;Pierre Voelke;https://applicationspub.unil.ch/interpub/noauth/php/Ud/ficheCours.php?v_enstyid=45946&v_ueid=253&v_etapeid1=29964&v_langue=fr&v_isinterne=
FTSR;Automne;3.00;Arabes et Juifs dans le conflit israélo-palestinen;Jacques Ehrenfreund, Wissam Halawi;https://applicationspub.unil.ch/interpub/noauth/php/Ud/ficheCours.php?v_enstyid=96029&v_ueid=253&v_etapeid1=29964&v_langue=fr&v_isinterne=
FTSR;Annuel;Inconnu;Atelier de lectures en Nouveau Testament;Marie Duruz;https://applicationspub.unil.ch/interpub/noauth/php/Ud/ficheCours.php?v_enstyid=95439&v_ueid=253&v_etapeid1=29964&v_langue=fr&v_isinterne=
SSP;Automne;3.00;Biologie évolutive et comportementale;Michel Chapuisat;https://applicationspub.unil.ch/interpub/noauth/php/Ud/ficheCours.php?v_enstyid=25023&v_ueid=253&v_etapeid1=29964&v_langue=fr&v_isinterne=
LETTRES;Annuel;10.00;Champs et pratiques de l'histoire;Eva Pibiri, François Vallotton, Malik Mazbouri, Simona Boscani Leoni;https://applicationspub.unil.ch/interpub/noauth/php/Ud/ficheCours.php?v_enstyid=95102&v_ueid=253&v_etapeid1=29964&v_langue=fr&v_isinterne=
LETTRES;Automne;3.00;Dans la fabrique des cinémas indiens;Amandine D'Azevedo;https://applicationspub.unil.ch/interpub/noauth/php/Ud/ficheCours.php?v_enstyid=95471&v_ueid=253&v_etapeid1=29964&v_langue=fr&v_isinterne=
SCIENCES²;Automne;3.00;Des activités mentales au comportement : le cerveau dans tous ses états;Delphine Preissmann, Nicolas Toni;https://applicationspub.unil.ch/interpub/noauth/php/Ud/ficheCours.php?v_enstyid=81524&v_ueid=253&v_etapeid1=29964&v_langue=fr&v_isinterne=
LETTRES;Automne;3.00;Du Veda aux contes des 1001 Nuits: une introduction à la littérature de l'Inde ancienne;Ingo Strauch;https://applicationspub.unil.ch/interpub/noauth/php/Ud/ficheCours.php?v_enstyid=96804&v_ueid=253&v_etapeid1=29964&v_langue=fr&v_isinterne=
FTSR;Automne;3.00;Enjeux de la diversité religieuse et culturelle dans un cadre institutionnel (I.);Pierre-Yves Brandt;https://applicationspub.unil.ch/interpub/noauth/php/Ud/ficheCours.php?v_enstyid=95242&v_ueid=253&v_etapeid1=29964&v_langue=fr&v_isinterne=
FTSR;Automne;Inconnu;Enseignement CIVIS;V A C A T;https://applicationspub.unil.ch/interpub/noauth/php/Ud/ficheCours.php?v_enstyid=92538&v_ueid=253&v_etapeid1=29964&v_langue=fr&v_isinterne=
LETTRES;Annuel;3.00;Entre Inde et Europe : religions et cultures en contact (période antique) - Automne;Philippe Bornet;https://applicationspub.unil.ch/interpub/noauth/php/Ud/ficheCours.php?v_enstyid=92290&v_ueid=253&v_etapeid1=29964&v_langue=fr&v_isinterne=
FTSR;Annuel;3.00;Genre et spiritualité dans l’engagement écologique : Approches théoriques et empiriques (I.);Alexandre Grandjean;https://applicationspub.unil.ch/interpub/noauth/php/Ud/ficheCours.php?v_enstyid=95117&v_ueid=253&v_etapeid1=29964&v_langue=fr&v_isinterne=
FTSR;Automne;3.00;Habiter la campagne dans l’Israël ancien aux époques hellénistique et romaine;Benjamin Arubas, David Hamidovic;https://applicationspub.unil.ch/interpub/noauth/php/Ud/ficheCours.php?v_enstyid=96035&v_ueid=253&v_etapeid1=29964&v_langue=fr&v_isinterne=
LETTRES;Annuel;3.00;Hindi intermédiaire : expression orale (niveau 2);Ishtiyaque Ahmed, Nicola Pozza;https://applicationspub.unil.ch/interpub/noauth/php/Ud/ficheCours.php?v_enstyid=82013&v_ueid=253&v_etapeid1=29964&v_langue=fr&v_isinterne=
LETTRES;Annuel;3.00;Hindi intermédiaire : syntaxe (niveau 2);Nicola Pozza;https://applicationspub.unil.ch/interpub/noauth/php/Ud/ficheCours.php?v_enstyid=82014&v_ueid=253&v_etapeid1=29964&v_langue=fr&v_isinterne=
SSP;Annuel;6.00;Histoire des idées politiques;Olivier Ruchet;https://applicationspub.unil.ch/interpub/noauth/php/Ud/ficheCours.php?v_enstyid=95354&v_ueid=253&v_etapeid1=29964&v_langue=fr&v_isinterne=
LETTRES;Automne;3.00;Histoire et réception de la littérature antique. Voix d'outre-tombe. Faire parler les morts hier et aujourd’hui;Matteo Capponi;https://applicationspub.unil.ch/interpub/noauth/php/Ud/ficheCours.php?v_enstyid=96688&v_ueid=253&v_etapeid1=29964&v_langue=fr&v_isinterne=
LETTRES;Annuel;8.00;Histoire médiévale. Histoire culturelle de l'écrit et paléographie médiévale;Joël Chandelier;https://applicationspub.unil.ch/interpub/noauth/php/Ud/ficheCours.php?v_enstyid=95783&v_ueid=253&v_etapeid1=29964&v_langue=fr&v_isinterne=
LETTRES;Annuel;4.00;Initiation au grec ancien;Pierre Voelke;https://applicationspub.unil.ch/interpub/noauth/php/Ud/ficheCours.php?v_enstyid=45945&v_ueid=253&v_etapeid1=29964&v_langue=fr&v_isinterne=
LETTRES;Automne;2.00;Introduction à la langue latine I - JE;Alessandra Rolle;https://applicationspub.unil.ch/interpub/noauth/php/Ud/ficheCours.php?v_enstyid=96668&v_ueid=253&v_etapeid1=29964&v_langue=fr&v_isinterne=
LETTRES;Automne;2.00;Introduction à la langue latine I - LU;Julien Pingoud;https://applicationspub.unil.ch/interpub/noauth/php/Ud/ficheCours.php?v_enstyid=51286&v_ueid=253&v_etapeid1=29964&v_langue=fr&v_isinterne=
LETTRES;Automne;2.00;Introduction à la langue latine I - ME1;Brigitte Maire;https://applicationspub.unil.ch/interpub/noauth/php/Ud/ficheCours.php?v_enstyid=46338&v_ueid=253&v_etapeid1=29964&v_langue=fr&v_isinterne=
LETTRES;Automne;2.00;Introduction à la langue latine I - ME2;Brigitte Maire;https://applicationspub.unil.ch/interpub/noauth/php/Ud/ficheCours.php?v_enstyid=68428&v_ueid=253&v_etapeid1=29964&v_langue=fr&v_isinterne=
LETTRES;Automne;2.00;Introduction à la langue latine I - COURS BLOC - CB;Brigitte Maire;https://applicationspub.unil.ch/interpub/noauth/php/Ud/ficheCours.php?v_enstyid=68427&v_ueid=253&v_etapeid1=29964&v_langue=fr&v_isinterne=
FTSR;Annuel;3.00;Introduction à l'Ancien Testament/Bible hébraïque I. L'histoire de l'Israël ancien et le Pentateuque.;Ruth Ebach;https://applicationspub.unil.ch/interpub/noauth/php/Ud/ficheCours.php?v_enstyid=95435&v_ueid=253&v_etapeid1=29964&v_langue=fr&v_isinterne=
FTSR;Automne;3.00;Introduction à l'anthropologie du religieux : histoire et méthodologie;Raphaël Rousseleau;https://applicationspub.unil.ch/interpub/noauth/php/Ud/ficheCours.php?v_enstyid=95939&v_ueid=253&v_etapeid1=29964&v_langue=fr&v_isinterne=
FTSR;Automne;3.00;Introduction à l'anthropologie visuelle : rites, altérités, colonialités;Francis Mobio;https://applicationspub.unil.ch/interpub/noauth/php/Ud/ficheCours.php?v_enstyid=95995&v_ueid=253&v_etapeid1=29964&v_langue=fr&v_isinterne=
FTSR;Annuel;3.00;Introduction à la philosophie antique (Platon, Aristote);Ghislain Waterlot;https://applicationspub.unil.ch/interpub/noauth/php/Ud/ficheCours.php?v_enstyid=95578&v_ueid=253&v_etapeid1=29964&v_langue=fr&v_isinterne=
FTSR;Annuel;3.00;Introduction à la psychologie de la religion : Approche psychologique du champ religieux;Julie Matthey-de-l'Endroit, Pierre-Yves Brandt;https://applicationspub.unil.ch/interpub/noauth/php/Ud/ficheCours.php?v_enstyid=92356&v_ueid=253&v_etapeid1=29964&v_langue=fr&v_isinterne=
FTSR;Automne;3.00;Introduction à l’art islamique;Wissam Halawi;https://applicationspub.unil.ch/interpub/noauth/php/Ud/ficheCours.php?v_enstyid=96034&v_ueid=253&v_etapeid1=29964&v_langue=fr&v_isinterne=
FTSR;Annuel;3.00;Introduction à la théologie systématique I;Beate Bengard;https://applicationspub.unil.ch/interpub/noauth/php/Ud/ficheCours.php?v_enstyid=95444&v_ueid=253&v_etapeid1=29964&v_langue=fr&v_isinterne=
LETTRES;Automne;3.00;Introduction à l'hindouisme;Nadia Cattoni;https://applicationspub.unil.ch/interpub/noauth/php/Ud/ficheCours.php?v_enstyid=81940&v_ueid=253&v_etapeid1=29964&v_langue=fr&v_isinterne=
LETTRES;Annuel;6.00;Introduction à l'histoire ancienne - Annuel (HANC);Lara Dubosson-Sbriglione;https://applicationspub.unil.ch/interpub/noauth/php/Ud/ficheCours.php?v_enstyid=96303&v_ueid=253&v_etapeid1=29964&v_langue=fr&v_isinterne=
LETTRES;Automne;2.00;Introduction à l'histoire de l'art II - premiers temps modernes;Nicolas Bock;https://applicationspub.unil.ch/interpub/noauth/php/Ud/ficheCours.php?v_enstyid=78842&v_ueid=253&v_etapeid1=29964&v_langue=fr&v_isinterne=
LETTRES;Automne;2.00;Introduction à l'histoire de l'art I - période médiévale;Michele Tomasi;https://applicationspub.unil.ch/interpub/noauth/php/Ud/ficheCours.php?v_enstyid=78841&v_ueid=253&v_etapeid1=29964&v_langue=fr&v_isinterne=
LETTRES;Annuel;3.00;Introduction au hindi : grammaire (niveau 1);Nicola Pozza;https://applicationspub.unil.ch/interpub/noauth/php/Ud/ficheCours.php?v_enstyid=46144&v_ueid=253&v_etapeid1=29964&v_langue=fr&v_isinterne=
LETTRES;Annuel;3.00;Introduction au hindi : hindi oral (niveau 1);Ishtiyaque Ahmed, Nicola Pozza;https://applicationspub.unil.ch/interpub/noauth/php/Ud/ficheCours.php?v_enstyid=39110&v_ueid=253&v_etapeid1=29964&v_langue=fr&v_isinterne=
LETTRES;Annuel;3.00;Introduction au hindi : travaux pratiques (niveau 1);Nicola Pozza;https://applicationspub.unil.ch/interpub/noauth/php/Ud/ficheCours.php?v_enstyid=46143&v_ueid=253&v_etapeid1=29964&v_langue=fr&v_isinterne=
FTSR;Annuel;3.00;Introduction au Nouveau Testament et aux traditions chrétiennes anciennes I;Simon Butticaz;https://applicationspub.unil.ch/interpub/noauth/php/Ud/ficheCours.php?v_enstyid=95440&v_ueid=253&v_etapeid1=29964&v_langue=fr&v_isinterne=
LETTRES;Annuel;6.00;Introduction au sanskrit : cours de grammaire (niveau 1);Danielle Feller, Ingo Strauch;https://applicationspub.unil.ch/interpub/noauth/php/Ud/ficheCours.php?v_enstyid=83006&v_ueid=253&v_etapeid1=29964&v_langue=fr&v_isinterne=
LETTRES;Annuel;3.00;Introduction au sanskrit : travaux pratiques (niveau 1);Danielle Feller, Ingo Strauch;https://applicationspub.unil.ch/interpub/noauth/php/Ud/ficheCours.php?v_enstyid=61426&v_ueid=253&v_etapeid1=29964&v_langue=fr&v_isinterne=
LETTRES;Automne;3.00;Introduction aux langues moyen-indiennes : grammaire (niveau 1);Ingo Strauch;https://applicationspub.unil.ch/interpub/noauth/php/Ud/ficheCours.php?v_enstyid=81999&v_ueid=253&v_etapeid1=29964&v_langue=fr&v_isinterne=
FTSR;Automne;3.00;Introduction aux sciences sociales des migrations, religions, arts : Concepts, courants, état des lieux;Monika Salzbrunn;https://applicationspub.unil.ch/interpub/noauth/php/Ud/ficheCours.php?v_enstyid=96002&v_ueid=253&v_etapeid1=29964&v_langue=fr&v_isinterne=
FTSR;Automne;3.00;La « haute christologie » dans le judaïsme ancien;Dario Barberis, David Hamidovic;https://applicationspub.unil.ch/interpub/noauth/php/Ud/ficheCours.php?v_enstyid=96042&v_ueid=253&v_etapeid1=29964&v_langue=fr&v_isinterne=
LETTRES;Automne;3.00;L’art du Gandhara  (Asie du Sud thématique);Simone Voegtle;https://applicationspub.unil.ch/interpub/noauth/php/Ud/ficheCours.php?v_enstyid=95474&v_ueid=253&v_etapeid1=29964&v_langue=fr&v_isinterne=
FTSR;Automne;3.00;La sociologie des religions;Jörg Stolz;https://applicationspub.unil.ch/interpub/noauth/php/Ud/ficheCours.php?v_enstyid=95998&v_ueid=253&v_etapeid1=29964&v_langue=fr&v_isinterne=
FTSR;Automne;3.00;Le Bien, le Juste, l'Utile. Introduction aux éthiques philosophiques;Benoît Ischer, Christian Schlenker;https://applicationspub.unil.ch/interpub/noauth/php/Ud/ficheCours.php?v_enstyid=95599&v_ueid=253&v_etapeid1=29964&v_langue=fr&v_isinterne=
LETTRES;Annuel;3.00;Lecture cursive : prose et poésie;Olivier Thévenaz;https://applicationspub.unil.ch/interpub/noauth/php/Ud/ficheCours.php?v_enstyid=78819&v_ueid=253&v_etapeid1=29964&v_langue=fr&v_isinterne=
FTSR;Annuel;Inconnu;Lecture de textes choisis de l'Ancien Testament/Bible hébraïque;Gaël Carriou;https://applicationspub.unil.ch/interpub/noauth/php/Ud/ficheCours.php?v_enstyid=95437&v_ueid=253&v_etapeid1=29964&v_langue=fr&v_isinterne=
LETTRES;Annuel;4.00;Lectures de textes grecs. Galien, Ne pas se chagriner / Plutarque, Consolation à sa femme;Pierre Voelke;https://applicationspub.unil.ch/interpub/noauth/php/Ud/ficheCours.php?v_enstyid=96686&v_ueid=253&v_etapeid1=29964&v_langue=fr&v_isinterne=
FTSR;Automne;3.00;L’effondrement en perspective : climat, religion et peurs de fin du monde à l’époque moderne (16e-18e siècles) I;Christian Grosse;https://applicationspub.unil.ch/interpub/noauth/php/Ud/ficheCours.php?v_enstyid=95106&v_ueid=253&v_etapeid1=29964&v_langue=fr&v_isinterne=
FTSR;Automne;3.00;Les Juifs et l’Europe : société et politique I;Danny Trom;https://applicationspub.unil.ch/interpub/noauth/php/Ud/ficheCours.php?v_enstyid=95865&v_ueid=253&v_etapeid1=29964&v_langue=fr&v_isinterne=
LETTRES;Automne;3.00;Le soufisme: histoire, fondements, pratique (Asie du Sud thématique);Blain Auer;https://applicationspub.unil.ch/interpub/noauth/php/Ud/ficheCours.php?v_enstyid=95473&v_ueid=253&v_etapeid1=29964&v_langue=fr&v_isinterne=
FTSR;Automne;3.00;Les usages juifs de l’histoire, les usages de l’histoire juive;Jacques Ehrenfreund, Lara Thieffry;https://applicationspub.unil.ch/interpub/noauth/php/Ud/ficheCours.php?v_enstyid=95991&v_ueid=253&v_etapeid1=29964&v_langue=fr&v_isinterne=
LETTRES;Automne;3.00;L’histoire du Coran (Asie du Sud thématique);Blain Auer;https://applicationspub.unil.ch/interpub/noauth/php/Ud/ficheCours.php?v_enstyid=95472&v_ueid=253&v_etapeid1=29964&v_langue=fr&v_isinterne=
LETTRES;Automne;3.00;Littérature grecque et histoire des textes. Les dieux grecs sur la scène théâtrale;Ombretta Cesca;https://applicationspub.unil.ch/interpub/noauth/php/Ud/ficheCours.php?v_enstyid=96690&v_ueid=253&v_etapeid1=29964&v_langue=fr&v_isinterne=
LETTRES;Automne;3.00;Littérature ourdoue I (niveau 3) : La prose;Blain Auer;https://applicationspub.unil.ch/interpub/noauth/php/Ud/ficheCours.php?v_enstyid=46166&v_ueid=253&v_etapeid1=29964&v_langue=fr&v_isinterne=
LETTRES;Annuel;6.00;Littérature sanskrite (niveau 3);Danielle Feller;https://applicationspub.unil.ch/interpub/noauth/php/Ud/ficheCours.php?v_enstyid=61423&v_ueid=253&v_etapeid1=29964&v_langue=fr&v_isinterne=
FTSR;Automne;5.00;"Loups-garous, cauchemars et sacrifices ; ou, l’histoire des religions";Nicolas Meylan;https://applicationspub.unil.ch/interpub/noauth/php/Ud/ficheCours.php?v_enstyid=95085&v_ueid=253&v_etapeid1=29964&v_langue=fr&v_isinterne=
SSP;Automne;6.00;Méthodes qualitatives - Bachelor;Véronique Mottier;https://applicationspub.unil.ch/interpub/noauth/php/Ud/ficheCours.php?v_enstyid=95531&v_ueid=253&v_etapeid1=29964&v_langue=fr&v_isinterne=
LETTRES;Annuel;10.00;Méthodologie de l'histoire ancienne: proséminaire - Annuel (HANC);Lara Dubosson-Sbriglione;https://applicationspub.unil.ch/interpub/noauth/php/Ud/ficheCours.php?v_enstyid=96306&v_ueid=253&v_etapeid1=29964&v_langue=fr&v_isinterne=
LETTRES;Automne;3.00;Ourdou intermédiaire (niveau 1);Blain Auer;https://applicationspub.unil.ch/interpub/noauth/php/Ud/ficheCours.php?v_enstyid=46164&v_ueid=253&v_etapeid1=29964&v_langue=fr&v_isinterne=
FTSR;Automne;3.00;Préhistoire et 'religion' : hypothèses archéologiques et imaginaire contemporain;Raphaël Rousseleau;https://applicationspub.unil.ch/interpub/noauth/php/Ud/ficheCours.php?v_enstyid=95941&v_ueid=253&v_etapeid1=29964&v_langue=fr&v_isinterne=
FTSR;Automne;3.00;Représentation de l’Islam et des musulmane.x.s dans l’art (musées, théâtre, peinture, littérature, BD, dessins de presse, musique etc.);Monika Salzbrunn;https://applicationspub.unil.ch/interpub/noauth/php/Ud/ficheCours.php?v_enstyid=96004&v_ueid=253&v_etapeid1=29964&v_langue=fr&v_isinterne=
LETTRES;Automne;3.00;Sanskrit intermédiaire : syntaxe et traduction (niveau 2);Ingo Strauch;https://applicationspub.unil.ch/interpub/noauth/php/Ud/ficheCours.php?v_enstyid=95483&v_ueid=253&v_etapeid1=29964&v_langue=fr&v_isinterne=
FTSR;Automne;3.00;Sensibilisation à l’éthique de la recherche en sciences humaines et sociales;Nadja Eggert;https://applicationspub.unil.ch/interpub/noauth/php/Ud/ficheCours.php?v_enstyid=95113&v_ueid=253&v_etapeid1=29964&v_langue=fr&v_isinterne=
SSP;Automne;6.00;Sexualité, couple, famille;Marta Roca Escoda;https://applicationspub.unil.ch/interpub/noauth/php/Ud/ficheCours.php?v_enstyid=95659&v_ueid=253&v_etapeid1=29964&v_langue=fr&v_isinterne=
SSP;Automne;3.00;Socio-histoire de la médecine et du corps;Francesco Panese;https://applicationspub.unil.ch/interpub/noauth/php/Ud/ficheCours.php?v_enstyid=95656&v_ueid=253&v_etapeid1=29964&v_langue=fr&v_isinterne=
LETTRES;Automne;3.00;Spiritualités hindoues, médecine et sport : perspectives globales;Nadia Cattoni, Philippe Bornet;https://applicationspub.unil.ch/interpub/noauth/php/Ud/ficheCours.php?v_enstyid=95481&v_ueid=253&v_etapeid1=29964&v_langue=fr&v_isinterne=
SCIENCES²;Automne;3.00;Terre! Origine et évolution d'une planète turbulente;François Bussy, Jean-Luc Epard;https://applicationspub.unil.ch/interpub/noauth/php/Ud/ficheCours.php?v_enstyid=50184&v_ueid=253&v_etapeid1=29964&v_langue=fr&v_isinterne=
LETTRES;Annuel;1.00;Travaux d'appui en grec ancien I;Matteo Capponi, Pierre Voelke;https://applicationspub.unil.ch/interpub/noauth/php/Ud/ficheCours.php?v_enstyid=45943&v_ueid=253&v_etapeid1=29964&v_langue=fr&v_isinterne=
LETTRES;Annuel;1.00;Travaux d'appui en grec ancien II;Pierre Voelke;https://applicationspub.unil.ch/interpub/noauth/php/Ud/ficheCours.php?v_enstyid=45944&v_ueid=253&v_etapeid1=29964&v_langue=fr&v_isinterne=
FTSR;Annuel;3.00;Travaux pratiques en Histoire et sciences des religions : approches théoriques et mises en pratique;Nicolas Meylan;https://applicationspub.unil.ch/interpub/noauth/php/Ud/ficheCours.php?v_enstyid=95088&v_ueid=253&v_etapeid1=29964&v_langue=fr&v_isinterne=
FTSR;Annuel;3.00;UNIGE: Egyptien: Lecture de textes classiques I;Philippe Collombert;https://applicationspub.unil.ch/interpub/noauth/php/Ud/ficheCours.php?v_enstyid=64508&v_ueid=253&v_etapeid1=29964&v_langue=fr&v_isinterne=
FTSR;Annuel;9.00;UNIGE: Grammaire de l'égyptien classique I;Philippe Collombert;https://applicationspub.unil.ch/interpub/noauth/php/Ud/ficheCours.php?v_enstyid=64504&v_ueid=253&v_etapeid1=29964&v_langue=fr&v_isinterne=
FTSR;Annuel;9.00;UNIGE: Grammaire de l'égyptien classique II;Philippe Collombert;https://applicationspub.unil.ch/interpub/noauth/php/Ud/ficheCours.php?v_enstyid=64507&v_ueid=253&v_etapeid1=29964&v_langue=fr&v_isinterne=
FTSR;Annuel;3.00;UNIGE: Introduction aux études égyptologiques et lecture de textes;Philippe Collombert;https://applicationspub.unil.ch/interpub/noauth/php/Ud/ficheCours.php?v_enstyid=64509&v_ueid=253&v_etapeid1=29964&v_langue=fr&v_isinterne=
FTSR;Automne;3.00;UNIGE: Les fêtes du calendrier romain : Études des rites et des mythes du temps romain;Francesca Prescendi Morresi;https://applicationspub.unil.ch/interpub/noauth/php/Ud/ficheCours.php?v_enstyid=96883&v_ueid=253&v_etapeid1=29964&v_langue=fr&v_isinterne=
FTSR;Automne;6.00;UNIGE: Les rites funéraires;Youri Volokhine;https://applicationspub.unil.ch/interpub/noauth/php/Ud/ficheCours.php?v_enstyid=96882&v_ueid=253&v_etapeid1=29964&v_langue=fr&v_isinterne=
LETTRES;Automne;3.00;Visibles ou invisibles ? Rôles, droits et devoirs des femmes dans le monde gréco-romain;Anne Bielman, Lara Dubosson-Sbriglione;https://applicationspub.unil.ch/interpub/noauth/php/Ud/ficheCours.php?v_enstyid=96695&v_ueid=253&v_etapeid1=29964&v_langue=fr&v_isinterne=
LETTRES;Printemps;2.00;Analyse de texte 2 : Horace, Satires, livre 2;Olivier Thévenaz;https://applicationspub.unil.ch/interpub/noauth/php/Ud/ficheCours.php?v_enstyid=96676&v_ueid=253&v_etapeid1=29964&v_langue=fr&v_isinterne=
LETTRES;Printemps;3.00;Anthropologie et étude de l'imaginaire grec. Végétarisme et regards sur la condition animale en Grèce ancienne;Pierre Voelke;https://applicationspub.unil.ch/interpub/noauth/php/Ud/ficheCours.php?v_enstyid=96693&v_ueid=253&v_etapeid1=29964&v_langue=fr&v_isinterne=
FTSR;Printemps;3.00;Antijudaïsme, antisémitisme, shoah : une contre histoire du judaïsme ?;Jacques Ehrenfreund, Lara Thieffry;https://applicationspub.unil.ch/interpub/noauth/php/Ud/ficheCours.php?v_enstyid=95968&v_ueid=253&v_etapeid1=29964&v_langue=fr&v_isinterne=
LETTRES;Printemps;2.00;Approfondissement des compétences linguistiques et textuelles : latin et histoire antique B - B;Olivier Thévenaz;https://applicationspub.unil.ch/interpub/noauth/php/Ud/ficheCours.php?v_enstyid=92005&v_ueid=253&v_etapeid1=29964&v_langue=fr&v_isinterne=
LETTRES;Printemps;2.00;Approfondissement des compétences linguistiques et textuelles : latin et histoire médiévale et moderne B - B;Eric Chevalley;https://applicationspub.unil.ch/interpub/noauth/php/Ud/ficheCours.php?v_enstyid=61205&v_ueid=253&v_etapeid1=29964&v_langue=fr&v_isinterne=
LETTRES;Printemps;2.00;Approfondissement des compétences linguistiques et textuelles : latin et littérature B - B;Alessandra Rolle;https://applicationspub.unil.ch/interpub/noauth/php/Ud/ficheCours.php?v_enstyid=96667&v_ueid=253&v_etapeid1=29964&v_langue=fr&v_isinterne=
LETTRES;Printemps;2.00;Approfondissement des compétences linguistiques et textuelles : latin et traduction B - COURS BLOC - CB;Brigitte Maire;https://applicationspub.unil.ch/interpub/noauth/php/Ud/ficheCours.php?v_enstyid=68438&v_ueid=253&v_etapeid1=29964&v_langue=fr&v_isinterne=
FTSR;Printemps;6.00;Atelier d'anthropologie visuelle;Francis Mobio;https://applicationspub.unil.ch/interpub/noauth/php/Ud/ficheCours.php?v_enstyid=95997&v_ueid=253&v_etapeid1=29964&v_langue=fr&v_isinterne=
FTSR;Printemps;3.00;Atelier de terrain en sciences sociales des religions contemporaines : méthodes et stratégies;Josselin Tricou;https://applicationspub.unil.ch/interpub/noauth/php/Ud/ficheCours.php?v_enstyid=87208&v_ueid=253&v_etapeid1=29964&v_langue=fr&v_isinterne=
FTSR;Printemps;3.00;Atelier d'éthique;Benoît Ischer, Chloé Mathys;https://applicationspub.unil.ch/interpub/noauth/php/Ud/ficheCours.php?v_enstyid=95449&v_ueid=253&v_etapeid1=29964&v_langue=fr&v_isinterne=
SCIENCES²;Printemps;3.00;Comprendre la physique: des objets usuels aux questions d'échelle;Jean-Marie Fuerbringer;https://applicationspub.unil.ch/interpub/noauth/php/Ud/ficheCours.php?v_enstyid=72569&v_ueid=253&v_etapeid1=29964&v_langue=fr&v_isinterne=
LETTRES;Annuel;3.00;De la bhakti au Booker Prize: Une introduction aux littératures de l’Inde moderne;Nicola Pozza;https://applicationspub.unil.ch/interpub/noauth/php/Ud/ficheCours.php?v_enstyid=96805&v_ueid=253&v_etapeid1=29964&v_langue=fr&v_isinterne=
SCIENCES²;Printemps;3.00;Des activités mentales au comportement : le cerveau dans tous ses états;Delphine Preissmann, Nicolas Toni;https://applicationspub.unil.ch/interpub/noauth/php/Ud/ficheCours.php?v_enstyid=81526&v_ueid=253&v_etapeid1=29964&v_langue=fr&v_isinterne=
SCIENCES²;Printemps;3.00;Durabilité: enjeux scientifiques et sociaux;Sophie Swaton;https://applicationspub.unil.ch/interpub/noauth/php/Ud/ficheCours.php?v_enstyid=72571&v_ueid=253&v_etapeid1=29964&v_langue=fr&v_isinterne=
LETTRES;Printemps;3.00;Du texte à l’image – de l’image au texte : analyse de récits des cultures bouddhiques et hindoues (Asie du Sud thématique);Nadia Cattoni, Simone Voegtle;https://applicationspub.unil.ch/interpub/noauth/php/Ud/ficheCours.php?v_enstyid=95475&v_ueid=253&v_etapeid1=29964&v_langue=fr&v_isinterne=
FTSR;Printemps;3.00;Ecdotique numérique;Sergey Kim;https://applicationspub.unil.ch/interpub/noauth/php/Ud/ficheCours.php?v_enstyid=95964&v_ueid=253&v_etapeid1=29964&v_langue=fr&v_isinterne=
FTSR;Printemps;Inconnu;Enseignement CIVIS;V A C A T;https://applicationspub.unil.ch/interpub/noauth/php/Ud/ficheCours.php?v_enstyid=92539&v_ueid=253&v_etapeid1=29964&v_langue=fr&v_isinterne=
LETTRES;Printemps;3.00;Entre Inde et Europe : religions et cultures en contact (période médiévale) - Printemps;Philippe Bornet;https://applicationspub.unil.ch/interpub/noauth/php/Ud/ficheCours.php?v_enstyid=92604&v_ueid=253&v_etapeid1=29964&v_langue=fr&v_isinterne=
FTSR;Printemps;2.00;EPFL: Designs, futurs et societé - HUM-335;Marius Aeberli;https://applicationspub.unil.ch/interpub/noauth/php/Ud/ficheCours.php?v_enstyid=92504&v_ueid=253&v_etapeid1=29964&v_langue=fr&v_isinterne=
FTSR;Printemps;2.00;EPFL : Jeu vidéo et gamification - HUM-380;Selim Krichane, Yannick Rochat;https://applicationspub.unil.ch/interpub/noauth/php/Ud/ficheCours.php?v_enstyid=90727&v_ueid=253&v_etapeid1=29964&v_langue=fr&v_isinterne=
FTSR;Printemps;2.00;EPFL: Presse et histoire numérique II - HUM-475;Maud Ehrmann, Raphaëlle Ruppen Coutaz;https://applicationspub.unil.ch/interpub/noauth/php/Ud/ficheCours.php?v_enstyid=93294&v_ueid=253&v_etapeid1=29964&v_langue=fr&v_isinterne=
FTSR;Printemps;2.00;EPFL: Santé personnalisée: un défi biomédical et social - HUM-388;Luca Chiapperino;https://applicationspub.unil.ch/interpub/noauth/php/Ud/ficheCours.php?v_enstyid=92509&v_ueid=253&v_etapeid1=29964&v_langue=fr&v_isinterne=
SCIENCES²;Annuel;3.00;Evolution et comportement : du terrain au laboratoire;Michel Chapuisat;https://applicationspub.unil.ch/interpub/noauth/php/Ud/ficheCours.php?v_enstyid=72882&v_ueid=253&v_etapeid1=29964&v_langue=fr&v_isinterne=
SCIENCES²;Printemps;3.00;Génétique - Gêne éthique : comprendre les techniques pour comprendre les enjeux;Alexandre Reymond;https://applicationspub.unil.ch/interpub/noauth/php/Ud/ficheCours.php?v_enstyid=81520&v_ueid=253&v_etapeid1=29964&v_langue=fr&v_isinterne=
FTSR;Annuel;3.00;Genre et spiritualité dans l'engagement écologique : Approches théoriques et empiriques (II.);Alberto Manconi, Alexandre Grandjean;https://applicationspub.unil.ch/interpub/noauth/php/Ud/ficheCours.php?v_enstyid=95118&v_ueid=253&v_etapeid1=29964&v_langue=fr&v_isinterne=
FTSR;Printemps;3.00;Gershom Scholem : un itinéraire de Berlin à Jérusalem;Jacques Ehrenfreund, Lara Thieffry;https://applicationspub.unil.ch/interpub/noauth/php/Ud/ficheCours.php?v_enstyid=95969&v_ueid=253&v_etapeid1=29964&v_langue=fr&v_isinterne=
LETTRES;Printemps;3.00;Hindi intermédiaire : lecture de textes (niveau 2);Nadia Cattoni;https://applicationspub.unil.ch/interpub/noauth/php/Ud/ficheCours.php?v_enstyid=92278&v_ueid=253&v_etapeid1=29964&v_langue=fr&v_isinterne=
SCIENCES²;Printemps;3.00;Histoire de la cosmologie;Pascale Jablonka;https://applicationspub.unil.ch/interpub/noauth/php/Ud/ficheCours.php?v_enstyid=72567&v_ueid=253&v_etapeid1=29964&v_langue=fr&v_isinterne=
FTSR;Printemps;3.00;Histoire et historiographie de l’Orient musulman. Une introduction à l’approche historico-critique;Wissam Halawi;https://applicationspub.unil.ch/interpub/noauth/php/Ud/ficheCours.php?v_enstyid=96028&v_ueid=253&v_etapeid1=29964&v_langue=fr&v_isinterne=
LETTRES;Printemps;8.00;Histoire moderne. Paléographie de l'époque moderne;Karine Crousaz;https://applicationspub.unil.ch/interpub/noauth/php/Ud/ficheCours.php?v_enstyid=95782&v_ueid=253&v_etapeid1=29964&v_langue=fr&v_isinterne=
FTSR;Printemps;3.00;Initiation à l’égyptien hiéroglyphique;Giuseppina Lenzo;https://applicationspub.unil.ch/interpub/noauth/php/Ud/ficheCours.php?v_enstyid=95398&v_ueid=253&v_etapeid1=29964&v_langue=fr&v_isinterne=
LETTRES;Printemps;2.00;Introduction à la langue latine I - COURS BLOC - CB;Olivier Thévenaz;https://applicationspub.unil.ch/interpub/noauth/php/Ud/ficheCours.php?v_enstyid=96670&v_ueid=253&v_etapeid1=29964&v_langue=fr&v_isinterne=
LETTRES;Printemps;2.00;Introduction à la langue latine II - JE;Alessandra Rolle;https://applicationspub.unil.ch/interpub/noauth/php/Ud/ficheCours.php?v_enstyid=96669&v_ueid=253&v_etapeid1=29964&v_langue=fr&v_isinterne=
LETTRES;Printemps;2.00;Introduction à la langue latine II - LU;Julien Pingoud;https://applicationspub.unil.ch/interpub/noauth/php/Ud/ficheCours.php?v_enstyid=51288&v_ueid=253&v_etapeid1=29964&v_langue=fr&v_isinterne=
LETTRES;Printemps;2.00;Introduction à la langue latine II - VE;Olivier Thévenaz;https://applicationspub.unil.ch/interpub/noauth/php/Ud/ficheCours.php?v_enstyid=92003&v_ueid=253&v_etapeid1=29964&v_langue=fr&v_isinterne=
LETTRES;Printemps;2.00;Introduction à la langue latine II - COURS BLOC - CB;Brigitte Maire;https://applicationspub.unil.ch/interpub/noauth/php/Ud/ficheCours.php?v_enstyid=68432&v_ueid=253&v_etapeid1=29964&v_langue=fr&v_isinterne=
FTSR;Printemps;3.00;Introduction à la littérature apocryphe chrétienne;Frédéric Amsler;https://applicationspub.unil.ch/interpub/noauth/php/Ud/ficheCours.php?v_enstyid=95515&v_ueid=253&v_etapeid1=29964&v_langue=fr&v_isinterne=
FTSR;Annuel;3.00;Introduction à l'Ancien Testament/Bible Hébraïque II. Les livres prophétiques et les écrits.;Ruth Ebach;https://applicationspub.unil.ch/interpub/noauth/php/Ud/ficheCours.php?v_enstyid=95436&v_ueid=253&v_etapeid1=29964&v_langue=fr&v_isinterne=
FTSR;Printemps;3.00;Introduction à la philosophie moderne;Ghislain Waterlot;https://applicationspub.unil.ch/interpub/noauth/php/Ud/ficheCours.php?v_enstyid=95592&v_ueid=253&v_etapeid1=29964&v_langue=fr&v_isinterne=
FTSR;Annuel;3.00;Introduction à la psychologie de la religion : la spiritualité au risque du corps;Julie Matthey-de-l'Endroit, Pierre-Yves Brandt;https://applicationspub.unil.ch/interpub/noauth/php/Ud/ficheCours.php?v_enstyid=95310&v_ueid=253&v_etapeid1=29964&v_langue=fr&v_isinterne=
FTSR;Printemps;3.00;Introduction à la théologie systématique II;Christophe Chalamet;https://applicationspub.unil.ch/interpub/noauth/php/Ud/ficheCours.php?v_enstyid=95446&v_ueid=253&v_etapeid1=29964&v_langue=fr&v_isinterne=
LETTRES;Printemps;2.00;Introduction à l'histoire de l'art III - période moderne;Jan Blanc;https://applicationspub.unil.ch/interpub/noauth/php/Ud/ficheCours.php?v_enstyid=95804&v_ueid=253&v_etapeid1=29964&v_langue=fr&v_isinterne=
FTSR;Printemps;4.00;Introduction à l'histoire de l'Egypte ancienne;Giuseppina Lenzo;https://applicationspub.unil.ch/interpub/noauth/php/Ud/ficheCours.php?v_enstyid=95395&v_ueid=253&v_etapeid1=29964&v_langue=fr&v_isinterne=
FTSR;Printemps;3.00;Introduction à l’histoire de l’ésotérisme occidental;Francesco Baroni;https://applicationspub.unil.ch/interpub/noauth/php/Ud/ficheCours.php?v_enstyid=95114&v_ueid=253&v_etapeid1=29964&v_langue=fr&v_isinterne=
LETTRES;Printemps;3.00;Introduction à l’histoire de l’Inde moderne;Philippe Bornet;https://applicationspub.unil.ch/interpub/noauth/php/Ud/ficheCours.php?v_enstyid=95470&v_ueid=253&v_etapeid1=29964&v_langue=fr&v_isinterne=
FTSR;Annuel;3.00;Introduction au Nouveau Testament et aux traditions chrétiennes anciennes II;Simon Butticaz;https://applicationspub.unil.ch/interpub/noauth/php/Ud/ficheCours.php?v_enstyid=95438&v_ueid=253&v_etapeid1=29964&v_langue=fr&v_isinterne=
FTSR;Printemps;3.00;Introduction aux méthodes qualitatives en sciences sociales des migrations, religions, arts;Monika Salzbrunn;https://applicationspub.unil.ch/interpub/noauth/php/Ud/ficheCours.php?v_enstyid=96010&v_ueid=253&v_etapeid1=29964&v_langue=fr&v_isinterne=
FTSR;Printemps;3.00;Introduction aux religions de l’ancienne Syrie-Palestine;Stephen Germany;https://applicationspub.unil.ch/interpub/noauth/php/Ud/ficheCours.php?v_enstyid=95856&v_ueid=253&v_etapeid1=29964&v_langue=fr&v_isinterne=
FTSR;Printemps;3.00;La construction de soi par la liturgie dans le judaïsme ancien;David Hamidovic;https://applicationspub.unil.ch/interpub/noauth/php/Ud/ficheCours.php?v_enstyid=96043&v_ueid=253&v_etapeid1=29964&v_langue=fr&v_isinterne=
LETTRES;Printemps;3.00;Langues moyen-indiennes : lecture de textes simples (niveau 2);Ingo Strauch;https://applicationspub.unil.ch/interpub/noauth/php/Ud/ficheCours.php?v_enstyid=92283&v_ueid=253&v_etapeid1=29964&v_langue=fr&v_isinterne=
LETTRES;Printemps;3.00;Le crépuscule des dieux. Le paganisme des Antonins à Justinien;Christophe Schmidt;https://applicationspub.unil.ch/interpub/noauth/php/Ud/ficheCours.php?v_enstyid=96696&v_ueid=253&v_etapeid1=29964&v_langue=fr&v_isinterne=
FTSR;Printemps;3.00;Le droit musulman shi’ite : formation et évolution;Wissam Halawi;https://applicationspub.unil.ch/interpub/noauth/php/Ud/ficheCours.php?v_enstyid=96027&v_ueid=253&v_etapeid1=29964&v_langue=fr&v_isinterne=
FTSR;Printemps;3.00;L’effondrement en perspective : climat, religion et peurs de fin du monde à l’époque moderne (16e-18e siècles) II;Christian Grosse;https://applicationspub.unil.ch/interpub/noauth/php/Ud/ficheCours.php?v_enstyid=95107&v_ueid=253&v_etapeid1=29964&v_langue=fr&v_isinterne=
FTSR;Printemps;3.00;Les Juifs et l’Europe : société et politique II;Danny Trom;https://applicationspub.unil.ch/interpub/noauth/php/Ud/ficheCours.php?v_enstyid=95942&v_ueid=253&v_etapeid1=29964&v_langue=fr&v_isinterne=
LETTRES;Printemps;3.00;Les rites du cycle de vie : perspectives comparatives de l’Egypte, de l’Inde et d’ailleurs;Giuseppina Lenzo, Philippe Bornet;https://applicationspub.unil.ch/interpub/noauth/php/Ud/ficheCours.php?v_enstyid=95469&v_ueid=253&v_etapeid1=29964&v_langue=fr&v_isinterne=
FTSR;Printemps;3.00;L’histoire du judaïsme ancien par les monnaies juives : de la période hérodienne (37 av.-c. 90 apr.) à la fin de la Seconde révolte juive (136 apr. J.-C.);David Hamidovic;https://applicationspub.unil.ch/interpub/noauth/php/Ud/ficheCours.php?v_enstyid=96044&v_ueid=253&v_etapeid1=29964&v_langue=fr&v_isinterne=
LETTRES;Printemps;3.00;Littérature grecque et histoire des textes. Extraits de textes médicaux;Nathalie Rousseau;https://applicationspub.unil.ch/interpub/noauth/php/Ud/ficheCours.php?v_enstyid=96691&v_ueid=253&v_etapeid1=29964&v_langue=fr&v_isinterne=
LETTRES;Printemps;3.00;Littérature hindi II (niveau 3);Nadia Cattoni;https://applicationspub.unil.ch/interpub/noauth/php/Ud/ficheCours.php?v_enstyid=92279&v_ueid=253&v_etapeid1=29964&v_langue=fr&v_isinterne=
LETTRES;Printemps;3.00;Littérature hindi I (niveau 3) : Peuples autochtones de l’Inde/Adivasi : Constructions identitaires, littéraires et artistiques;Nicola Pozza, Raphaël Rousseleau;https://applicationspub.unil.ch/interpub/noauth/php/Ud/ficheCours.php?v_enstyid=95482&v_ueid=253&v_etapeid1=29964&v_langue=fr&v_isinterne=
LETTRES;Printemps;3.00;Littérature ourdoue II (niveau 3) : La poésie;Blain Auer;https://applicationspub.unil.ch/interpub/noauth/php/Ud/ficheCours.php?v_enstyid=46167&v_ueid=253&v_etapeid1=29964&v_langue=fr&v_isinterne=
FTSR;Printemps;3.00;Manifester l’invisible : rites, média;Raphaël Rousseleau;https://applicationspub.unil.ch/interpub/noauth/php/Ud/ficheCours.php?v_enstyid=95940&v_ueid=253&v_etapeid1=29964&v_langue=fr&v_isinterne=
LETTRES;Printemps;2.00;Médecine antique;Brigitte Maire;https://applicationspub.unil.ch/interpub/noauth/php/Ud/ficheCours.php?v_enstyid=68448&v_ueid=253&v_etapeid1=29964&v_langue=fr&v_isinterne=
LETTRES;Printemps;4.00;Medieval : Introduction to Old Norse Language and Literature;Juliette Vuille;https://applicationspub.unil.ch/interpub/noauth/php/Ud/ficheCours.php?v_enstyid=96105&v_ueid=253&v_etapeid1=29964&v_langue=fr&v_isinterne=
FTSR;Printemps;3.00;Méthodes alternatives de recherche en sciences sociales des migrations, religions, arts : la recherche créative et expérimentale au-delà du texte;Monika Salzbrunn;https://applicationspub.unil.ch/interpub/noauth/php/Ud/ficheCours.php?v_enstyid=96005&v_ueid=253&v_etapeid1=29964&v_langue=fr&v_isinterne=
SSP;Printemps;6.00;Méthodes quantitatives;André Berchtold;https://applicationspub.unil.ch/interpub/noauth/php/Ud/ficheCours.php?v_enstyid=91934&v_ueid=253&v_etapeid1=29964&v_langue=fr&v_isinterne=
LETTRES;Printemps;3.00;Ourdou intermédiaire (niveau 2);Blain Auer;https://applicationspub.unil.ch/interpub/noauth/php/Ud/ficheCours.php?v_enstyid=46165&v_ueid=253&v_etapeid1=29964&v_langue=fr&v_isinterne=
FTSR;Printemps;3.00;Peuples autochtones de l’Inde ou Adivasi : constructions identitaires, artistiques et littéraires;Nicola Pozza, Raphaël Rousseleau;https://applicationspub.unil.ch/interpub/noauth/php/Ud/ficheCours.php?v_enstyid=95937&v_ueid=253&v_etapeid1=29964&v_langue=fr&v_isinterne=
LETTRES;Printemps;3.00;Reliques et reliquaires dans le bouddhisme indien. Une approche multidisciplinaire (Asie du Sud Thématique);Ingo Strauch, Simone Voegtle;https://applicationspub.unil.ch/interpub/noauth/php/Ud/ficheCours.php?v_enstyid=95480&v_ueid=253&v_etapeid1=29964&v_langue=fr&v_isinterne=
FTSR;Printemps;3.00;Sanctions sacrées. Règles, punitions et pouvoir dans les groupes religieux;Jörg Stolz;https://applicationspub.unil.ch/interpub/noauth/php/Ud/ficheCours.php?v_enstyid=95999&v_ueid=253&v_etapeid1=29964&v_langue=fr&v_isinterne=
LETTRES;Printemps;3.00;Sanskrit intermédiaire : lectures de textes (niveau 2);Ingo Strauch;https://applicationspub.unil.ch/interpub/noauth/php/Ud/ficheCours.php?v_enstyid=95484&v_ueid=253&v_etapeid1=29964&v_langue=fr&v_isinterne=
FTSR;Printemps;3.00;UNIGE: Dieux d’eaux en Grèce ancienne : sources et rivières;Doralice Fabiano;https://applicationspub.unil.ch/interpub/noauth/php/Ud/ficheCours.php?v_enstyid=96884&v_ueid=253&v_etapeid1=29964&v_langue=fr&v_isinterne=
FTSR;Printemps;3.00;UNIGE: Visions du monde. Cosmographie pharaonique;Youri Volokhine;https://applicationspub.unil.ch/interpub/noauth/php/Ud/ficheCours.php?v_enstyid=96881&v_ueid=253&v_etapeid1=29964&v_langue=fr&v_isinterne=
FTSR;Automne;3.00;Méthodologie;Frédéric Amsler;https://applicationspub.unil.ch/interpub/noauth/php/Ud/ficheCours.php?v_enstyid=95448&v_ueid=253&v_etapeid1=29959&v_langue=fr&v_isinterne=
FBM-BIO;Annuel;3.00;De l'histoire naturelle à la biologie : réflexions sur la genèse des sciences de la vie;Philippe Glardon;https://applicationspub.unil.ch/interpub/noauth/php/Ud/ficheCours.php?v_enstyid=96441&v_ueid=253&v_etapeid1=29959&v_langue=fr&v_isinterne=
FTSR;Annuel;5.00;Séminaire de recherche de l'IHAR;Christian Grosse, Jacques Ehrenfreund, Jean-François Bert, Nicolas Meylan, Raphaël Rousseleau, Wissam Halawi;https://applicationspub.unil.ch/interpub/noauth/php/Ud/ficheCours.php?v_enstyid=78572&v_ueid=253&v_etapeid1=34855&v_langue=fr&v_isinterne=
FTSR;Automne;5.00;Séminaire de recherche de Master : méthode historique et sources arabes I;Wissam Halawi;https://applicationspub.unil.ch/interpub/noauth/php/Ud/ficheCours.php?v_enstyid=96031&v_ueid=253&v_etapeid1=34855&v_langue=fr&v_isinterne=
FTSR;Automne;Inconnu;UNIFR: Les célébrations de la figure de Muhammad dans la tradition islamique. Textes et pratiques;-;https://applicationspub.unil.ch/interpub/noauth/php/Ud/ficheCours.php?v_enstyid=96215&v_ueid=253&v_etapeid1=34855&v_langue=fr&v_isinterne=
FTSR;Printemps;5.00;Séminaire de recherche de Master : méthode historique et sources arabes II;Wissam Halawi;https://applicationspub.unil.ch/interpub/noauth/php/Ud/ficheCours.php?v_enstyid=96813&v_ueid=253&v_etapeid1=34855&v_langue=fr&v_isinterne=
FTSR;Printemps;Inconnu;UNIFR: Apocalypse now. La Fin du monde en Islam;-;https://applicationspub.unil.ch/interpub/noauth/php/Ud/ficheCours.php?v_enstyid=96216&v_ueid=253&v_etapeid1=34855&v_langue=fr&v_isinterne=
SSP;Automne;3.00;Anthropologie historique des représentations du corps;Nicolas Bancel;https://applicationspub.unil.ch/interpub/noauth/php/Ud/ficheCours.php?v_enstyid=81735&v_ueid=253&v_etapeid1=31011&v_langue=fr&v_isinterne=
SSP;Automne;6.00;Contextes géo-sociaux et dynamiques de santé;Dario Spini, Davide Morselli;https://applicationspub.unil.ch/interpub/noauth/php/Ud/ficheCours.php?v_enstyid=91963&v_ueid=253&v_etapeid1=31011&v_langue=fr&v_isinterne=
SSP;Automne;6.00;Droits humains et changements sociaux : perspectives anthropologiques;Mark Goodale;https://applicationspub.unil.ch/interpub/noauth/php/Ud/ficheCours.php?v_enstyid=95679&v_ueid=253&v_etapeid1=31011&v_langue=fr&v_isinterne=
FTSR;Automne;4.00;Eclairer l'interculturalité:  Acquérir et mobiliser des compétences interculturelles dans des pratiques professionnelles;Christine Rodier;https://applicationspub.unil.ch/interpub/noauth/php/Ud/ficheCours.php?v_enstyid=95084&v_ueid=253&v_etapeid1=31011&v_langue=fr&v_isinterne=
SSP;Automne;3.00;Parole publique : Traduction des savoirs dans la société;Aurélie Coulon;https://applicationspub.unil.ch/interpub/noauth/php/Ud/ficheCours.php?v_enstyid=95684&v_ueid=253&v_etapeid1=31011&v_langue=fr&v_isinterne=
SSP;Automne;6.00;Psychologie sociale et sociétés multiculturelles;Anatolia Batruch;https://applicationspub.unil.ch/interpub/noauth/php/Ud/ficheCours.php?v_enstyid=91580&v_ueid=253&v_etapeid1=31011&v_langue=fr&v_isinterne=
SSP;Automne;6.00;Psychologie sociale interculturelle;Caroline Pulfrey;https://applicationspub.unil.ch/interpub/noauth/php/Ud/ficheCours.php?v_enstyid=93959&v_ueid=253&v_etapeid1=31011&v_langue=fr&v_isinterne=
SSP;Printemps;9.00;Globalisations et circulations;Antoine Kernen, Justine Hirschy;https://applicationspub.unil.ch/interpub/noauth/php/Ud/ficheCours.php?v_enstyid=96238&v_ueid=253&v_etapeid1=31011&v_langue=fr&v_isinterne=
SSP;Printemps;6.00;Histoire coloniale et post-coloniale;Nicolas Bancel, Thomas David;https://applicationspub.unil.ch/interpub/noauth/php/Ud/ficheCours.php?v_enstyid=95688&v_ueid=253&v_etapeid1=31011&v_langue=fr&v_isinterne=
LETTRES;Printemps;5.00;Histoire littéraire subsaharienne de langue française. Configuration EthoSpatiale;Christine Le Quellec Cottier;https://applicationspub.unil.ch/interpub/noauth/php/Ud/ficheCours.php?v_enstyid=96740&v_ueid=253&v_etapeid1=31011&v_langue=fr&v_isinterne=
SSP;Printemps;Inconnu;Histoire transnationale;Stefanie Prezioso;https://applicationspub.unil.ch/interpub/noauth/php/Ud/ficheCours.php?v_enstyid=95691&v_ueid=253&v_etapeid1=31011&v_langue=fr&v_isinterne=
SSP;Printemps;6.00;Introduction à la sociologie de l'éducation;Dinah Gross;https://applicationspub.unil.ch/interpub/noauth/php/Ud/ficheCours.php?v_enstyid=89665&v_ueid=253&v_etapeid1=31011&v_langue=fr&v_isinterne=
LETTRES;Printemps;5.00;Littérature francophone subsaharienne;Christine Le Quellec Cottier;https://applicationspub.unil.ch/interpub/noauth/php/Ud/ficheCours.php?v_enstyid=82621&v_ueid=253&v_etapeid1=31011&v_langue=fr&v_isinterne=
LETTRES;Printemps;4.00;Médiation culturelle et sciences humaines: entre théorie et pratique;Martine Ostorero;https://applicationspub.unil.ch/interpub/noauth/php/Ud/ficheCours.php?v_enstyid=84070&v_ueid=253&v_etapeid1=31011&v_langue=fr&v_isinterne=
FTSR;Automne;5.00;Anthropologie des religions : De ‘l’animisme’ aux cosmologies et savoirs indigènes sur ‘la nature’;Raphaël Rousseleau;https://applicationspub.unil.ch/interpub/noauth/php/Ud/ficheCours.php?v_enstyid=95938&v_ueid=253&v_etapeid1=28098&v_langue=fr&v_isinterne=
FTSR;Automne;Inconnu;Anthropologie graphique et sonore : approches, pratiques et perspectives pour les sciences sociales des migrations;Monika Salzbrunn;https://applicationspub.unil.ch/interpub/noauth/php/Ud/ficheCours.php?v_enstyid=96007&v_ueid=253&v_etapeid1=28098&v_langue=fr&v_isinterne=
FTSR;Automne;6.00;Autour de la Cité de Dieu d’Augustin (en présence);Frédéric Amsler;https://applicationspub.unil.ch/interpub/noauth/php/Ud/ficheCours.php?v_enstyid=95432&v_ueid=253&v_etapeid1=28098&v_langue=fr&v_isinterne=
FTSR;Automne;5.00;Aux origines polémiques de la tolérance : conflits et coexistences confessionnelles au temps de la pluralisation du christianisme (16e-18e siècles) I;Christian Grosse;https://applicationspub.unil.ch/interpub/noauth/php/Ud/ficheCours.php?v_enstyid=95110&v_ueid=253&v_etapeid1=28098&v_langue=fr&v_isinterne=
FTSR;Automne;3.00;Epistémologie: science et religion;Jean-François Bert;https://applicationspub.unil.ch/interpub/noauth/php/Ud/ficheCours.php?v_enstyid=95120&v_ueid=253&v_etapeid1=28098&v_langue=fr&v_isinterne=
FTSR;Automne;5.00;Frontières balkaniques. Religion, ethnicité et identité dans les pays de l'Ex-Yougoslavie 1980-2020.;Jörg Stolz;https://applicationspub.unil.ch/interpub/noauth/php/Ud/ficheCours.php?v_enstyid=96000&v_ueid=253&v_etapeid1=28098&v_langue=fr&v_isinterne=
LETTRES;Annuel;3.00;Lectures personnelles de textes hindi et travail de recherche;Nicola Pozza;https://applicationspub.unil.ch/interpub/noauth/php/Ud/ficheCours.php?v_enstyid=46133&v_ueid=253&v_etapeid1=28098&v_langue=fr&v_isinterne=
LETTRES;Annuel;3.00;Lectures personnelles de textes ourdous et travail de recherche;Blain Auer;https://applicationspub.unil.ch/interpub/noauth/php/Ud/ficheCours.php?v_enstyid=80910&v_ueid=253&v_etapeid1=28098&v_langue=fr&v_isinterne=
FTSR;Automne;5.00;Lire dans les étoiles, parler aux morts, méditer… : psychothérapies, développement personnel et nouvelles spiritualités;Pierre-Yves Brandt;https://applicationspub.unil.ch/interpub/noauth/php/Ud/ficheCours.php?v_enstyid=95309&v_ueid=253&v_etapeid1=28098&v_langue=fr&v_isinterne=
LETTRES;Annuel;6.00;Littératures moyen-indiennes (niveau 3);Ingo Strauch;https://applicationspub.unil.ch/interpub/noauth/php/Ud/ficheCours.php?v_enstyid=92622&v_ueid=253&v_etapeid1=28098&v_langue=fr&v_isinterne=
FGSE;Automne;3.00;Natures et formes urbaines;Joëlle Salomon Cavin, Romain Felli;https://applicationspub.unil.ch/interpub/noauth/php/Ud/ficheCours.php?v_enstyid=56942&v_ueid=253&v_etapeid1=28098&v_langue=fr&v_isinterne=
LETTRES;Automne;6.00;Séminaire de méthodologie avancée en Asie du Sud;Blain Auer;https://applicationspub.unil.ch/interpub/noauth/php/Ud/ficheCours.php?v_enstyid=95579&v_ueid=253&v_etapeid1=28098&v_langue=fr&v_isinterne=
FTSR;Annuel;5.00;Anthropologie des institutions de soins et de réhabilitation: méthodes ethnographiques et enjeux religieux et culturels;Paola Juan;https://applicationspub.unil.ch/interpub/noauth/php/Ud/ficheCours.php?v_enstyid=95119&v_ueid=253&v_etapeid1=28098&v_langue=fr&v_isinterne=
FTSR;Printemps;Inconnu;Aux origines polémiques de la tolérance : conflits et coexistences confessionnelles au temps de la pluralisation du christianisme (16e-18e siècles) II;Christian Grosse;https://applicationspub.unil.ch/interpub/noauth/php/Ud/ficheCours.php?v_enstyid=95111&v_ueid=253&v_etapeid1=28098&v_langue=fr&v_isinterne=
FTSR;Printemps;6.00;BIP: Communicating Social Science and Humanities - Mastering Methodological Challenges and Learning how to Publish and Disseminate Findings Early On;Monika Salzbrunn;https://applicationspub.unil.ch/interpub/noauth/php/Ud/ficheCours.php?v_enstyid=96008&v_ueid=253&v_etapeid1=28098&v_langue=fr&v_isinterne=
FTSR;Printemps;6.00;Comparer en histoire des religions;Nicolas Meylan;https://applicationspub.unil.ch/interpub/noauth/php/Ud/ficheCours.php?v_enstyid=95087&v_ueid=253&v_etapeid1=28098&v_langue=fr&v_isinterne=
FTSR;Printemps;3.00;La pratique de la recherche empirique en sciences sociales - en utilisant des exemples dans le domaine religieux.;Jörg Stolz;https://applicationspub.unil.ch/interpub/noauth/php/Ud/ficheCours.php?v_enstyid=96001&v_ueid=253&v_etapeid1=28098&v_langue=fr&v_isinterne=
FTSR;Printemps;5.00;Lecture de textes : sciences et religions;Jean-François Bert;https://applicationspub.unil.ch/interpub/noauth/php/Ud/ficheCours.php?v_enstyid=95121&v_ueid=253&v_etapeid1=28098&v_langue=fr&v_isinterne=
SSP;Printemps;9.00;Normes, institutions et pratiques de santé;Clara Devlieger, Daniela Cerqui Ducret;https://applicationspub.unil.ch/interpub/noauth/php/Ud/ficheCours.php?v_enstyid=95681&v_ueid=253&v_etapeid1=28098&v_langue=fr&v_isinterne=
FTSR;Printemps;3.00;Royauté sacrée: entre religion et politique (Égypte-Grèce-Scandinavie);Giuseppina Lenzo, Matthieu Pellet, Nicolas Meylan;https://applicationspub.unil.ch/interpub/noauth/php/Ud/ficheCours.php?v_enstyid=95397&v_ueid=253&v_etapeid1=28098&v_langue=fr&v_isinterne=
SSP;Printemps;6.00;Santé, sexualité et reproduction: regards anthropologiques;Irene Maffi;https://applicationspub.unil.ch/interpub/noauth/php/Ud/ficheCours.php?v_enstyid=95682&v_ueid=253&v_etapeid1=28098&v_langue=fr&v_isinterne=
SSP;Printemps;3.00;Questionnaire design;Caroline Roberts;https://applicationspub.unil.ch/interpub/noauth/php/Ud/ficheCours.php?v_enstyid=70920&v_ueid=253&v_etapeid1=28099&v_langue=fr&v_isinterne=
FDCA;Annuel;3.00;Die deutsche Zivilprozessordnung (ZPO);Walter Josef Franz Boente;https://applicationspub.unil.ch/interpub/noauth/php/Ud/ficheCours.php?v_enstyid=94204&v_ueid=5&v_etapeid1=797&v_langue=fr&v_isinterne=
FDCA;Printemps;3.00;Internationales Wirtschaftsrecht (IWR);Marc Bungenberg;https://applicationspub.unil.ch/interpub/noauth/php/Ud/ficheCours.php?v_enstyid=37145&v_ueid=5&v_etapeid1=797&v_langue=fr&v_isinterne=
FDCA;Printemps;7.00;Seminar im Internationalen Privatrecht (IPR-Seminar);Christoph Kern;https://applicationspub.unil.ch/interpub/noauth/php/Ud/ficheCours.php?v_enstyid=53946&v_ueid=5&v_etapeid1=797&v_langue=fr&v_isinterne=
FDCA;Annuel;6.00;Übungen im Bürgerlichen Recht für Fortgeschrittene (BGB);Christoph Kern;https://applicationspub.unil.ch/interpub/noauth/php/Ud/ficheCours.php?v_enstyid=94225&v_ueid=5&v_etapeid1=797&v_langue=fr&v_isinterne=
FDCA;Annuel;3.00;Übungen im Öffentlichen Recht für Fortgeschrittene (ÖR);Marc Bungenberg;https://applicationspub.unil.ch/interpub/noauth/php/Ud/ficheCours.php?v_enstyid=94722&v_ueid=5&v_etapeid1=797&v_langue=fr&v_isinterne=
FDCA;Annuel;Inconnu;Wiederholungskurse im Privatrecht (WDH);Christoph Kern;https://applicationspub.unil.ch/interpub/noauth/php/Ud/ficheCours.php?v_enstyid=94206&v_ueid=5&v_etapeid1=797&v_langue=fr&v_isinterne=
FDCA;Automne;3.00;Deutsches Internationales Privatrecht (IPR);Christoph Kern;https://applicationspub.unil.ch/interpub/noauth/php/Ud/ficheCours.php?v_enstyid=46217&v_ueid=5&v_etapeid1=797&v_langue=fr&v_isinterne=
SSP;Annuel;6.00;Anthropologie culturelle et sociale A;Mark Goodale;https://applicationspub.unil.ch/interpub/noauth/php/Ud/ficheCours.php?v_enstyid=95651&v_ueid=171&v_etapeid1=32348&v_langue=fr&v_isinterne=
SSP;Annuel;6.00;Anthropologie culturelle et sociale B;Irene Maffi;https://applicationspub.unil.ch/interpub/noauth/php/Ud/ficheCours.php?v_enstyid=95653&v_ueid=171&v_etapeid1=32348&v_langue=fr&v_isinterne=
SSP;Annuel;6.00;Anthropologie culturelle et sociale I;Mark Goodale;https://applicationspub.unil.ch/interpub/noauth/php/Ud/ficheCours.php?v_enstyid=95526&v_ueid=171&v_etapeid1=32348&v_langue=fr&v_isinterne=
SSP;Annuel;6.00;Concepts de base en sciences sociales;Laurence Kaufmann;https://applicationspub.unil.ch/interpub/noauth/php/Ud/ficheCours.php?v_enstyid=86400&v_ueid=171&v_etapeid1=32348&v_langue=fr&v_isinterne=
SSP;Annuel;6.00;Histoire de la psychologie;Rémy Amouroux;https://applicationspub.unil.ch/interpub/noauth/php/Ud/ficheCours.php?v_enstyid=92931&v_ueid=171&v_etapeid1=32348&v_langue=fr&v_isinterne=
SSP;Annuel;6.00;Histoire internationale contemporaine;Stefanie Prezioso;https://applicationspub.unil.ch/interpub/noauth/php/Ud/ficheCours.php?v_enstyid=93953&v_ueid=171&v_etapeid1=32348&v_langue=fr&v_isinterne=
SSP;Annuel;6.00;Institutions et régimes politiques;Sean Müller;https://applicationspub.unil.ch/interpub/noauth/php/Ud/ficheCours.php?v_enstyid=95522&v_ueid=171&v_etapeid1=32348&v_langue=fr&v_isinterne=
SSP;Annuel;6.00;Introduction à la psychologie sociale;Jessica Gale;https://applicationspub.unil.ch/interpub/noauth/php/Ud/ficheCours.php?v_enstyid=93961&v_ueid=171&v_etapeid1=32348&v_langue=fr&v_isinterne=
SSP;Annuel;6.00;Introduction à la recherche;Jonathan Miaz;https://applicationspub.unil.ch/interpub/noauth/php/Ud/ficheCours.php?v_enstyid=95981&v_ueid=171&v_etapeid1=32348&v_langue=fr&v_isinterne=
SSP;Annuel;6.00;Introduction à la recherche: interactions familiales et parcours de vie;Jacques-Antoine Gauthier;https://applicationspub.unil.ch/interpub/noauth/php/Ud/ficheCours.php?v_enstyid=68563&v_ueid=171&v_etapeid1=32348&v_langue=fr&v_isinterne=
SSP;Annuel;6.00;Introduction à la recherche: la construction sociale du corps;Pierre-Emmanuel Sorignet;https://applicationspub.unil.ch/interpub/noauth/php/Ud/ficheCours.php?v_enstyid=91926&v_ueid=171&v_etapeid1=32348&v_langue=fr&v_isinterne=
SSP;Annuel;6.00;Introduction à la recherche: la perspective de genre;Lavinia Gianettoni;https://applicationspub.unil.ch/interpub/noauth/php/Ud/ficheCours.php?v_enstyid=95524&v_ueid=171&v_etapeid1=32348&v_langue=fr&v_isinterne=
SSP;Annuel;6.00;Introduction à la recherche: migrations et transnationalisme;Flavia Cangià;https://applicationspub.unil.ch/interpub/noauth/php/Ud/ficheCours.php?v_enstyid=96947&v_ueid=171&v_etapeid1=32348&v_langue=fr&v_isinterne=
SSP;Annuel;6.00;Introduction à la recherche: vote, abstention et rapport au politique 1;Andrea Pilotti;https://applicationspub.unil.ch/interpub/noauth/php/Ud/ficheCours.php?v_enstyid=87181&v_ueid=171&v_etapeid1=32348&v_langue=fr&v_isinterne=
SSP;Annuel;6.00;Introduction à la recherche: vote, abstention et rapport au politique 2;Hervé Rayner;https://applicationspub.unil.ch/interpub/noauth/php/Ud/ficheCours.php?v_enstyid=46298&v_ueid=171&v_etapeid1=32348&v_langue=fr&v_isinterne=
SSP;Annuel;6.00;Introduction à la recherche: vote, abstention et rapport au politique 3;Sélim Smaoui;https://applicationspub.unil.ch/interpub/noauth/php/Ud/ficheCours.php?v_enstyid=95525&v_ueid=171&v_etapeid1=32348&v_langue=fr&v_isinterne=
SSP;Annuel;6.00;Introduction à la science politique;Olivier Fillieule;https://applicationspub.unil.ch/interpub/noauth/php/Ud/ficheCours.php?v_enstyid=92600&v_ueid=171&v_etapeid1=32348&v_langue=fr&v_isinterne=
SSP;Automne;3.00;Introduction à l'histoire des activités physiques et du sport;Philippe Vonnard;https://applicationspub.unil.ch/interpub/noauth/php/Ud/ficheCours.php?v_enstyid=91774&v_ueid=171&v_etapeid1=32348&v_langue=fr&v_isinterne=
SSP;Annuel;6.00;Introduction aux méthodes de l'histoire I;Ami-Jacques Rapin;https://applicationspub.unil.ch/interpub/noauth/php/Ud/ficheCours.php?v_enstyid=56264&v_ueid=171&v_etapeid1=32348&v_langue=fr&v_isinterne=
SSP;Annuel;6.00;Introduction aux théories économiques;Roberto Baranzini;https://applicationspub.unil.ch/interpub/noauth/php/Ud/ficheCours.php?v_enstyid=92601&v_ueid=171&v_etapeid1=32348&v_langue=fr&v_isinterne=
SSP;Annuel;6.00;Politique sociale;Leen Vandecasteele;https://applicationspub.unil.ch/interpub/noauth/php/Ud/ficheCours.php?v_enstyid=80255&v_ueid=171&v_etapeid1=32348&v_langue=fr&v_isinterne=
SSP;Annuel;6.00;Psychologie du développement;Catherine Thevenot;https://applicationspub.unil.ch/interpub/noauth/php/Ud/ficheCours.php?v_enstyid=56403&v_ueid=171&v_etapeid1=32348&v_langue=fr&v_isinterne=
SSP;Automne;3.00;Sciences sociales et sport;Fabien Ohl;https://applicationspub.unil.ch/interpub/noauth/php/Ud/ficheCours.php?v_enstyid=60962&v_ueid=171&v_etapeid1=32348&v_langue=fr&v_isinterne=
SSP;Annuel;6.00;Sociologie générale A;Philippe Gonzalez;https://applicationspub.unil.ch/interpub/noauth/php/Ud/ficheCours.php?v_enstyid=95652&v_ueid=171&v_etapeid1=32348&v_langue=fr&v_isinterne=
SSP;Annuel;6.00;Sociologie générale B;Marc Perrenoud;https://applicationspub.unil.ch/interpub/noauth/php/Ud/ficheCours.php?v_enstyid=92544&v_ueid=171&v_etapeid1=32348&v_langue=fr&v_isinterne=
SSP;Annuel;6.00;Sociologie générale I;Gaële Goastellec;https://applicationspub.unil.ch/interpub/noauth/php/Ud/ficheCours.php?v_enstyid=95528&v_ueid=171&v_etapeid1=32348&v_langue=fr&v_isinterne=
